node_id,centrality
367,0.4430379746835443
322,0.33122362869198313
393,0.23417721518987342
71,0.20464135021097046
399,0.1877637130801688
436,0.17932489451476794
179,0.17721518987341772
254,0.16666666666666666
105,0.15822784810126583
87,0.14978902953586498
298,0.14345991561181434
428,0.14345991561181434
303,0.13924050632911392
113,0.1371308016877637
422,0.1308016877637131
461,0.1308016877637131
208,0.12869198312236288
383,0.12869198312236288
315,0.12447257383966245
423,0.12236286919831224
269,0.12025316455696203
263,0.11814345991561181
335,0.11814345991561181
421,0.11814345991561181
389,0.1160337552742616
188,0.11392405063291139
271,0.11181434599156118
439,0.11181434599156118
26,0.10970464135021098
346,0.10970464135021098
17,0.10759493670886076
50,0.10759493670886076
147,0.10759493670886076
148,0.10759493670886076
169,0.10759493670886076
175,0.10759493670886076
202,0.10759493670886076
296,0.10759493670886076
370,0.10759493670886076
171,0.10548523206751055
354,0.10548523206751055
137,0.10337552742616034
467,0.10337552742616034
27,0.10126582278481013
155,0.10126582278481013
49,0.09915611814345991
136,0.09915611814345991
464,0.09915611814345991
61,0.0970464135021097
135,0.0970464135021097
429,0.0970464135021097
149,0.0949367088607595
215,0.0949367088607595
236,0.0949367088607595
321,0.0949367088607595
22,0.09282700421940929
92,0.09282700421940929
327,0.09282700421940929
450,0.09282700421940929
31,0.09071729957805907
53,0.09071729957805907
138,0.09071729957805907
192,0.09071729957805907
245,0.09071729957805907
376,0.09071729957805907
24,0.08860759493670886
59,0.08860759493670886
64,0.08860759493670886
143,0.08860759493670886
154,0.08860759493670886
313,0.08860759493670886
378,0.08860759493670886
380,0.08860759493670886
446,0.08860759493670886
25,0.08649789029535865
46,0.08649789029535865
58,0.08649789029535865
72,0.08649789029535865
116,0.08649789029535865
318,0.08649789029535865
323,0.08649789029535865
403,0.08649789029535865
455,0.08649789029535865
9,0.08438818565400844
112,0.08438818565400844
118,0.08438818565400844
178,0.08438818565400844
341,0.08438818565400844
375,0.08438818565400844
402,0.08438818565400844
111,0.08227848101265822
122,0.08227848101265822
160,0.08227848101265822
211,0.08227848101265822
350,0.08227848101265822
3,0.08016877637130802
54,0.08016877637130802
73,0.08016877637130802
164,0.08016877637130802
165,0.08016877637130802
223,0.08016877637130802
237,0.08016877637130802
242,0.08016877637130802
255,0.08016877637130802
329,0.08016877637130802
470,0.08016877637130802
84,0.07805907172995781
139,0.07805907172995781
159,0.07805907172995781
190,0.07805907172995781
198,0.07805907172995781
349,0.07805907172995781
15,0.0759493670886076
76,0.0759493670886076
88,0.0759493670886076
386,0.0759493670886076
430,0.0759493670886076
4,0.07383966244725738
32,0.07383966244725738
109,0.07383966244725738
119,0.07383966244725738
193,0.07383966244725738
305,0.07383966244725738
319,0.07383966244725738
351,0.07383966244725738
365,0.07383966244725738
452,0.07383966244725738
69,0.07172995780590717
101,0.07172995780590717
220,0.07172995780590717
274,0.07172995780590717
301,0.07172995780590717
324,0.07172995780590717
332,0.07172995780590717
405,0.07172995780590717
66,0.06962025316455696
70,0.06962025316455696
80,0.06962025316455696
86,0.06962025316455696
95,0.06962025316455696
212,0.06962025316455696
234,0.06962025316455696
264,0.06962025316455696
279,0.06962025316455696
290,0.06962025316455696
343,0.06962025316455696
344,0.06962025316455696
440,0.06962025316455696
74,0.06751054852320675
79,0.06751054852320675
90,0.06751054852320675
162,0.06751054852320675
268,0.06751054852320675
331,0.06751054852320675
337,0.06751054852320675
391,0.06751054852320675
35,0.06540084388185655
52,0.06540084388185655
77,0.06540084388185655
293,0.06540084388185655
312,0.06540084388185655
401,0.06540084388185655
55,0.06329113924050633
89,0.06329113924050633
98,0.06329113924050633
120,0.06329113924050633
127,0.06329113924050633
130,0.06329113924050633
177,0.06329113924050633
226,0.06329113924050633
270,0.06329113924050633
352,0.06329113924050633
396,0.06329113924050633
8,0.06118143459915612
30,0.06118143459915612
182,0.06118143459915612
231,0.06118143459915612
246,0.06118143459915612
251,0.06118143459915612
276,0.06118143459915612
339,0.06118143459915612
379,0.06118143459915612
410,0.06118143459915612
438,0.06118143459915612
40,0.05907172995780591
85,0.05907172995780591
186,0.05907172995780591
262,0.05907172995780591
330,0.05907172995780591
417,0.05907172995780591
442,0.05907172995780591
447,0.05907172995780591
449,0.05907172995780591
14,0.056962025316455694
23,0.056962025316455694
56,0.056962025316455694
117,0.056962025316455694
156,0.056962025316455694
184,0.056962025316455694
233,0.056962025316455694
238,0.056962025316455694
244,0.056962025316455694
278,0.056962025316455694
283,0.056962025316455694
286,0.056962025316455694
294,0.056962025316455694
307,0.056962025316455694
371,0.056962025316455694
426,0.056962025316455694
7,0.05485232067510549
16,0.05485232067510549
124,0.05485232067510549
134,0.05485232067510549
150,0.05485232067510549
222,0.05485232067510549
277,0.05485232067510549
372,0.05485232067510549
408,0.05485232067510549
420,0.05485232067510549
466,0.05485232067510549
12,0.052742616033755275
13,0.052742616033755275
47,0.052742616033755275
102,0.052742616033755275
161,0.052742616033755275
207,0.052742616033755275
219,0.052742616033755275
228,0.052742616033755275
248,0.052742616033755275
260,0.052742616033755275
266,0.052742616033755275
355,0.052742616033755275
374,0.052742616033755275
418,0.052742616033755275
456,0.052742616033755275
474,0.052742616033755275
19,0.05063291139240506
20,0.05063291139240506
33,0.05063291139240506
37,0.05063291139240506
57,0.05063291139240506
63,0.05063291139240506
65,0.05063291139240506
68,0.05063291139240506
129,0.05063291139240506
132,0.05063291139240506
158,0.05063291139240506
195,0.05063291139240506
206,0.05063291139240506
218,0.05063291139240506
259,0.05063291139240506
311,0.05063291139240506
415,0.05063291139240506
416,0.05063291139240506
435,0.05063291139240506
457,0.05063291139240506
469,0.05063291139240506
42,0.04852320675105485
167,0.04852320675105485
174,0.04852320675105485
214,0.04852320675105485
241,0.04852320675105485
249,0.04852320675105485
258,0.04852320675105485
300,0.04852320675105485
358,0.04852320675105485
384,0.04852320675105485
427,0.04852320675105485
432,0.04852320675105485
2,0.046413502109704644
11,0.046413502109704644
29,0.046413502109704644
51,0.046413502109704644
133,0.046413502109704644
205,0.046413502109704644
209,0.046413502109704644
326,0.046413502109704644
338,0.046413502109704644
348,0.046413502109704644
387,0.046413502109704644
424,0.046413502109704644
431,0.046413502109704644
142,0.04430379746835443
243,0.04430379746835443
253,0.04430379746835443
257,0.04430379746835443
261,0.04430379746835443
272,0.04430379746835443
281,0.04430379746835443
302,0.04430379746835443
328,0.04430379746835443
361,0.04430379746835443
369,0.04430379746835443
400,0.04430379746835443
18,0.04219409282700422
41,0.04219409282700422
104,0.04219409282700422
140,0.04219409282700422
141,0.04219409282700422
197,0.04219409282700422
295,0.04219409282700422
310,0.04219409282700422
333,0.04219409282700422
382,0.04219409282700422
385,0.04219409282700422
388,0.04219409282700422
390,0.04219409282700422
407,0.04219409282700422
412,0.04219409282700422
451,0.04219409282700422
473,0.04219409282700422
0,0.04008438818565401
1,0.04008438818565401
6,0.04008438818565401
43,0.04008438818565401
107,0.04008438818565401
128,0.04008438818565401
172,0.04008438818565401
185,0.04008438818565401
200,0.04008438818565401
273,0.04008438818565401
304,0.04008438818565401
325,0.04008438818565401
444,0.04008438818565401
459,0.04008438818565401
471,0.04008438818565401
472,0.04008438818565401
10,0.0379746835443038
44,0.0379746835443038
75,0.0379746835443038
96,0.0379746835443038
126,0.0379746835443038
163,0.0379746835443038
180,0.0379746835443038
203,0.0379746835443038
210,0.0379746835443038
239,0.0379746835443038
256,0.0379746835443038
265,0.0379746835443038
289,0.0379746835443038
317,0.0379746835443038
336,0.0379746835443038
360,0.0379746835443038
21,0.035864978902953586
34,0.035864978902953586
45,0.035864978902953586
48,0.035864978902953586
67,0.035864978902953586
100,0.035864978902953586
108,0.035864978902953586
114,0.035864978902953586
199,0.035864978902953586
201,0.035864978902953586
221,0.035864978902953586
229,0.035864978902953586
299,0.035864978902953586
320,0.035864978902953586
340,0.035864978902953586
359,0.035864978902953586
443,0.035864978902953586
468,0.035864978902953586
38,0.03375527426160337
81,0.03375527426160337
82,0.03375527426160337
91,0.03375527426160337
110,0.03375527426160337
125,0.03375527426160337
191,0.03375527426160337
224,0.03375527426160337
362,0.03375527426160337
364,0.03375527426160337
368,0.03375527426160337
409,0.03375527426160337
445,0.03375527426160337
460,0.03375527426160337
97,0.03164556962025317
106,0.03164556962025317
145,0.03164556962025317
152,0.03164556962025317
157,0.03164556962025317
170,0.03164556962025317
204,0.03164556962025317
267,0.03164556962025317
287,0.03164556962025317
291,0.03164556962025317
308,0.03164556962025317
347,0.03164556962025317
363,0.03164556962025317
394,0.03164556962025317
411,0.03164556962025317
441,0.03164556962025317
448,0.03164556962025317
453,0.03164556962025317
99,0.029535864978902954
173,0.029535864978902954
176,0.029535864978902954
181,0.029535864978902954
217,0.029535864978902954
227,0.029535864978902954
235,0.029535864978902954
252,0.029535864978902954
275,0.029535864978902954
353,0.029535864978902954
433,0.029535864978902954
458,0.029535864978902954
465,0.029535864978902954
39,0.027426160337552744
93,0.027426160337552744
216,0.027426160337552744
288,0.027426160337552744
292,0.027426160337552744
5,0.02531645569620253
36,0.02531645569620253
62,0.02531645569620253
83,0.02531645569620253
151,0.02531645569620253
168,0.02531645569620253
314,0.02531645569620253
342,0.02531645569620253
345,0.02531645569620253
392,0.02531645569620253
398,0.02531645569620253
406,0.02531645569620253
78,0.023206751054852322
103,0.023206751054852322
131,0.023206751054852322
194,0.023206751054852322
282,0.023206751054852322
357,0.023206751054852322
397,0.023206751054852322
60,0.02109704641350211
121,0.02109704641350211
144,0.02109704641350211
166,0.02109704641350211
183,0.02109704641350211
225,0.02109704641350211
247,0.02109704641350211
284,0.02109704641350211
306,0.02109704641350211
356,0.02109704641350211
381,0.02109704641350211
454,0.02109704641350211
187,0.0189873417721519
250,0.0189873417721519
309,0.0189873417721519
377,0.0189873417721519
28,0.016877637130801686
94,0.016877637130801686
115,0.016877637130801686
297,0.016877637130801686
316,0.016877637130801686
366,0.016877637130801686
373,0.016877637130801686
414,0.016877637130801686
462,0.016877637130801686
146,0.014767932489451477
153,0.014767932489451477
189,0.014767932489451477
196,0.014767932489451477
232,0.014767932489451477
280,0.014767932489451477
419,0.014767932489451477
463,0.014767932489451477
213,0.012658227848101266
334,0.012658227848101266
413,0.012658227848101266
425,0.012658227848101266
123,0.010548523206751054
240,0.010548523206751054
434,0.010548523206751054
230,0.008438818565400843
285,0.008438818565400843
404,0.008438818565400843
437,0.004219409282700422
395,0.002109704641350211
